S_TC_IN,S_TC_IN,S_TC_OUT,S_TC_OUT,S_DURATION,S_DURATION,S_COMMENTATORSPICK,S_COMMENTATORSPICK,S_COMMENTATORSNAME,S_COMMENTATORSNAME,S_FIELDINGCOMMENTATORSPICK,S_FIELDINGCOMMENTATORSPICK,S_EMOTIONPLAYERNAME,S_EMOTIONPLAYERNAME,S_EMOTIONALASPECTS,S_EMOTIONALASPECTS,S_CELEBRITYFOCUS,S_CELEBRITYFOCUS,S_STYLESTATEMENT,S_STYLESTATEMENT,S_EXTRAS,S_EXTRAS,S_BRANDFOCUS,S_BRANDFOCUS,S_USUSALCRICKETGEAR,S_USUSALCRICKETGEAR,S_PLAYERINTERVIEW,S_PLAYERINTERVIEW,S_MEMORABILIA,S_MEMORABILIA,S_PLAYERCELEBRATION,S_PLAYERCELEBRATION,S_DUETOINCORRECTUMPIRING,S_DUETOINCORRECTUMPIRING,S_LIGHTSFAIL,S_LIGHTSFAIL,S_BADWEATHER,S_BADWEATHER,S_CROWDUNREST,S_CROWDUNREST,S_SIGHTSCREENADJUSTMENT,S_SIGHTSCREENADJUSTMENT,S_STREAKERONFIELD,S_STREAKERONFIELD,S_BEES,S_BEES,S_DOG,S_DOG,S_BIRD_BIRDS,S_BIRD_BIRDS,S_BALLCHANGE,S_BALLCHANGE,S_DRINKSBREAK,S_DRINKSBREAK,S_ADHOCDRINKSBREAK,S_ADHOCDRINKSBREAK,S_INNINGSBREAK,S_INNINGSBREAK,S_ROLLINGTHEPITCH,S_ROLLINGTHEPITCH,S_BALLLOST,S_BALLLOST,S_CHANGEOFGEAR,S_CHANGEOFGEAR,S_REPLAYOVER,S_REPLAYOVER,S_TOTALTEAMWICKET,S_TOTALTEAMWICKET,S_TOSS,S_TOSS,S_TEAMAREPRESENTATIVE,S_TEAMAREPRESENTATIVE,S_TEAMBREPRESENTATIVE,S_TEAMBREPRESENTATIVE,S_INTERVIEW,S_INTERVIEW,S_PRACTICESESSIONS,S_PRACTICESESSIONS,S_PRESENTATION,S_PRESENTATION,S_PRIZEDISTRIBUTION,S_PRIZEDISTRIBUTION,S_VICTORYLAP,S_VICTORYLAP,S_ADDITIONALEVENTS,S_ADDITIONALEVENTS
self,other,self,other,self,other,self,other,self,other,self,other,self,other,self,other,self,other,self,other,self,other,self,other,self,other,self,other,self,other,self,other,self,other,self,other,self,other,self,other,self,other,self,other,self,other,self,other,self,other,self,other,self,other,self,other,self,other,self,other,self,other,self,other,self,other,self,other,self,other,self,other,self,other,self,other,self,other,self,other,self,other,self,other,self,other
0,00:00:00.000,7000,00:00:07.000,None,7000,,,,,,,None,,None,,,,,,None,0,,,,,,,,,,,None,,None,,None,,None,,None,,None,,None,,None,,None,,None,,None,,None,,None,,None,,None,,None,,None,,None,,None,No,None,,None,,None,No,None,No,None,No,None,No,None,No,None,
461000,00:07:41.000,487000,00:08:07.000,None,26000,,,,,,,None,,None,,,,,,None,0,,,,,,,,,,,None,,None,,None,,None,,None,,None,,None,,None,,None,,None,,None,,None,,None,,None,,None,,None,,None,,None,,None,No,None,,None,,None,No,None,No,None,No,None,No,None,No,None,
2739000,00:45:39.000,2749000,00:45:49.000,None,10000,,,,,,,None,,Crowd:Excitement,,,None,,None,None,0,,,,,,None,,None,,,None,,None,,None,,None,,None,,None,,None,,None,,None,,None,,None,,None,,None,,None,,None,,None,,None,,None,,None,No,None,,None,,None,No,None,No,None,No,None,No,None,No,None,
2749000,00:45:49.000,2805000,00:46:45.000,None,56000,,,,,,,None,,None,,,,,,None,0,,,,,,,,,,,None,,None,,None,,None,,None,,None,,None,,None,,None,,None,,None,,None,,None,,None,,None,,None,,None,,None,,None,No,None,,None,,None,No,None,No,None,No,None,No,None,No,None,
2807000,00:46:47.000,2832000,00:47:12.000,None,25000,,,,,,,None,,Crowd:Excitement,,,,,,None,0,,,,,,,,,,,None,,None,,None,,None,,None,,None,,None,,None,,None,,None,,None,,None,,None,,None,,None,,None,,None,,None,,None,No,None,,None,,None,No,None,No,None,No,None,No,None,No,None,
2834000,00:47:14.000,2852000,00:47:32.000,None,18000,,,,,,,None,,None,,,,,,None,0,,,,,,,,,,,None,,None,,None,,None,,None,,None,,None,,None,,None,,None,,None,,None,,None,,None,,None,,None,,None,,None,,None,No,None,,None,,None,No,None,No,None,No,None,No,None,No,None,
2853000,00:47:33.000,2876000,00:47:56.000,None,23000,,,,,,,None,,None,,,,,,None,0,,,,,,,,,,,None,,None,,None,,None,,None,,None,,None,,None,,None,,None,,None,,None,,None,,None,,None,,None,,None,,None,,None,No,None,,None,,None,No,None,No,None,No,None,No,None,No,None,
2878000,00:47:58.000,2901000,00:48:21.000,None,23000,,,,,,,None,,None,,,,,,None,0,,,,,,,,,,,None,,None,,None,,None,,None,,None,,None,,None,,None,,None,,None,,None,,None,,None,,None,,None,,None,,None,,None,No,None,,None,,None,No,None,No,None,No,None,No,None,No,None,
2902000,00:48:22.000,2928000,00:48:48.000,None,26000,,,,,,,None,,None,,,None,,None,None,0,,,,,,None,,None,,,None,,None,,None,,None,,None,,None,,None,,None,,None,,None,,None,,None,,None,,None,,None,,None,,None,,None,,None,No,None,,None,,None,No,None,No,None,No,None,No,None,No,None,
2929000,00:48:49.000,2942000,00:49:02.000,None,13000,,,,,,,None,,None,,,,,,None,0,,,,,,,,,,,None,,None,,None,,None,,None,,None,,None,,None,,None,,None,,None,,None,,None,,None,,None,,None,,None,,None,,None,No,None,,None,,None,No,None,No,None,No,None,No,None,No,None,
2943000,00:49:03.000,3022000,00:50:22.000,None,79000,,,,,,,None,,None,,,None,,None,None,0,,,,,,None,,None,,,None,,None,,None,,None,,None,,None,,None,,None,,None,,None,,None,,None,,None,,None,,None,,None,,None,,None,,None,No,None,,None,,None,No,None,No,None,No,None,No,None,No,None,
3024000,00:50:24.000,3048000,00:50:48.000,None,24000,,,,,,,None,,Crowd:Excitement,,,,,,None,0,,,,,,,,,,,None,,None,,None,,None,,None,,None,,None,,None,,None,,None,,None,,None,,None,,None,,None,,None,,None,,None,,None,No,None,,None,,None,No,None,No,None,No,None,No,None,No,None,
487000,00:08:07.000,506000,00:08:26.000,None,19000,,,,,,,None,,None,,,,,,None,0,,,,,,,,,,,None,,None,,None,,None,,None,,None,,None,,None,,None,,None,,None,,None,,None,,None,,None,,None,,None,,None,,None,No,None,,None,,None,No,None,No,None,No,None,No,None,No,None,
3050000,00:50:50.000,3076000,00:51:16.000,None,26000,,,,,,,None,,Crowd:Excitement,,,,,,None,0,,,,,,,,,,,None,,None,,None,,None,,None,,None,,None,,None,,None,,None,,None,,None,,None,,None,,None,,None,,None,,None,,None,No,None,,None,,None,No,None,No,None,No,None,No,None,No,None,
3077000,00:51:17.000,3090000,00:51:30.000,None,13000,,,,,,,None,,Crowd:Happy,,,None,,None,None,0,,,,,,None,,None,,,None,,None,,None,,None,,None,,None,,None,,None,,None,,None,,None,,None,,None,,None,,None,,None,,None,,None,,None,No,None,,None,,None,No,None,No,None,No,None,No,None,No,None,
3092000,00:51:32.000,3139000,00:52:19.000,None,47000,,,,,,,None,,None,,,None,,None,None,0,,,,,,None,,None,,,None,,None,,None,,None,,None,,None,,None,,None,,None,,None,,None,,None,,None,,None,,None,,None,,None,,None,,None,No,None,,None,,None,No,None,No,None,No,None,No,None,No,None,
3139000,00:52:19.000,3147000,00:52:27.000,None,8000,,,,,,,None,,None,,,,,,None,0,,,,,,,,,,,None,,None,,None,,None,,None,,None,,None,,None,,None,,None,,None,,None,,None,,None,,None,,None,,None,,None,,None,No,None,,None,,None,No,None,No,None,No,None,No,None,No,None,
3149000,00:52:29.000,3183000,00:53:03.000,None,34000,,,,,,,None,,Crowd:Excitement,,,,,,None,0,,,,,,,,,,,None,,None,,None,,None,,None,,None,,None,,None,,None,,None,,None,,None,,None,,None,,None,,None,,None,,None,,None,No,None,,None,,None,No,None,No,None,No,None,No,None,No,None,
3183000,00:53:03.000,3214000,00:53:34.000,None,31000,,,,,,,None,,None,,,,,,None,0,,,,,,,,,,,None,,None,,None,,None,,None,,None,,None,,None,,None,,None,,None,,None,,None,,None,,None,,None,,None,,None,,None,No,None,,None,,None,No,None,No,None,No,None,No,None,No,None,
3214000,00:53:34.000,3243000,00:54:03.000,None,29000,,,,,,,None,,None,,,,,,None,0,,,,,,,,,,,None,,None,,None,,None,,None,,None,,None,,None,,None,,None,,None,,None,,None,,None,,None,,None,,None,,None,,None,No,None,,None,,None,No,None,No,None,No,None,No,None,No,None,
3244000,00:54:04.000,3280000,00:54:40.000,None,36000,,,,,,,None,,None,,,,,,None,0,,,,,,,,,,,None,,None,,None,,None,,None,,None,,None,,None,,None,,None,,None,,None,,None,,None,,None,,None,,None,,None,,None,No,None,,None,,None,No,None,No,None,No,None,No,None,No,None,
3282000,00:54:42.000,3302000,00:55:02.000,None,20000,,,,,,,None,,None,,,,,,None,0,,,,,,,,,,,None,,None,,None,,None,,None,,None,,None,,None,,None,,None,,None,,None,,None,,None,,None,,None,,None,,None,,None,No,None,,None,,None,No,None,No,None,No,None,No,None,No,None,
3302000,00:55:02.000,3329000,00:55:29.000,None,27000,,,,,,,None,,Crowd:Excitement,,,None,,None,None,0,,,,,,None,,None,,,None,,None,,None,,None,,None,,None,,None,,None,,None,,None,,None,,None,,None,,None,,None,,None,,None,,None,,None,No,None,,None,,None,No,None,No,None,No,None,No,None,No,None,
506000,00:08:26.000,542000,00:09:02.000,None,36000,,,,,,,None,,None,,,,,,None,0,,,,,,,,,,,None,,None,,None,,None,,None,,None,,None,,None,,None,,None,,None,,None,,None,,None,,None,,None,,None,,None,,None,No,None,,None,,None,No,None,No,None,No,None,No,None,No,None,
3331000,00:55:31.000,3360000,00:56:00.000,None,29000,,,,,,,None,,None,,,,,,None,0,,,,,,,,,,,None,,None,,None,,None,,None,,None,,None,,None,,None,,None,,None,,None,,None,,None,,None,,None,,None,,None,,None,No,None,,None,,None,No,None,No,None,No,None,No,None,No,None,
3361000,00:56:01.000,3375000,00:56:15.000,None,14000,,,,,,,None,,None,,,,,,None,0,,,,,,,,,,,None,,None,,None,,None,,None,,None,,None,,None,,None,,None,,None,,None,,None,,None,,None,,None,,None,,None,,None,No,None,,None,,None,No,None,No,None,No,None,No,None,No,None,
3376000,00:56:16.000,3387000,00:56:27.000,None,11000,,,,,,,None,,None,,,,,,None,0,,,,,,,,,,,None,,None,,None,,None,,None,,None,,None,,None,,None,,None,,None,,None,,None,,None,,None,,None,,None,,None,,None,No,None,,None,,None,No,None,No,None,No,None,No,None,No,None,
3389000,00:56:29.000,3402000,00:56:42.000,None,13000,,,,,,,None,,None,,,,,,None,0,,,,,,,,,,,None,,None,,None,,None,,None,,None,,None,,None,,None,,None,,None,,None,,None,,None,,None,,None,,None,,None,,None,No,None,,None,,None,No,None,No,None,No,None,No,None,No,None,
3404000,00:56:44.000,3423000,00:57:03.000,None,19000,,,,,,,None,,None,,,,,,None,0,,,,,,,,,,,None,,None,,None,,None,,None,,None,,None,,None,,None,,None,,None,,None,,None,,None,,None,,None,,None,,None,,None,No,None,,None,,None,No,None,No,None,No,None,No,None,No,None,
3425000,00:57:05.000,3435000,00:57:15.000,None,10000,,,,,,,None,,None,,,,,,None,0,,,,,,,,,,,None,,None,,None,,None,,None,,None,,None,,None,,None,,None,,None,,None,,None,,None,,None,,None,,None,,None,,None,No,None,,None,,None,No,None,No,None,No,None,No,None,No,None,
3437000,00:57:17.000,3444000,00:57:24.000,None,7000,,,,,,,None,,None,,,,,,None,0,,,,,,,,,,,None,,None,,None,,None,,None,,None,,None,,None,,None,,None,,None,,None,,None,,None,,None,,None,,None,,None,,None,No,None,,None,,None,No,None,No,None,No,None,No,None,No,None,
3444000,00:57:24.000,3467000,00:57:47.000,None,23000,,,,,,,None,,None,,,,,,None,0,,,,,,,,,,,None,,None,,None,,None,,None,,None,,None,,None,,None,,None,,None,,None,,None,,None,,None,,None,,None,,None,,None,No,None,,None,,None,No,None,No,None,No,None,No,None,No,None,
3467000,00:57:47.000,3497000,00:58:17.000,None,30000,,,,,,,None,,Crowd:Excitement,,,,,,None,0,,,,,,,,,,,None,,None,,None,,None,,None,,None,,None,,None,,None,,None,,None,,None,,None,,None,,None,,None,,None,,None,,None,No,None,,None,,None,No,None,No,None,No,None,No,None,No,None,
3499000,00:58:19.000,3529000,00:58:49.000,None,30000,,,,,,,None,,None,,,,,,None,0,,,,,,,,,,,None,,None,,None,,None,,None,,None,,None,,None,,None,,None,,None,,None,,None,,None,,None,,None,,None,,None,,None,No,None,,None,,None,No,None,No,None,No,None,No,None,No,None,
542000,00:09:02.000,582000,00:09:42.000,None,40000,,,,,,,None,,None,,,,,,None,0,,,,,,,,,,,None,,None,,None,,None,,None,,None,,None,,None,,None,,None,,None,,None,,None,,None,,None,,None,,None,,None,,None,No,None,,None,,None,No,None,No,None,No,None,No,None,No,None,
3531000,00:58:51.000,3547000,00:59:07.000,None,16000,,,,,,,None,,None,,,,,,None,0,,,,,,,,,,,None,,None,,None,,None,,None,,None,,None,,None,,None,,None,,None,,None,,None,,None,,None,,None,,None,,None,,None,No,None,,None,,None,No,None,No,None,No,None,No,None,No,None,
3549000,00:59:09.000,3559000,00:59:19.000,None,10000,,,,,,,None,,None,,,,,,None,0,,,,,,,,,,,None,,None,,None,,None,,None,,None,,None,,None,,None,,None,,None,,None,,None,,None,,None,,None,,None,,None,,None,No,None,,None,,None,No,None,No,None,No,None,No,None,No,None,
3561000,00:59:21.000,3577000,00:59:37.000,None,16000,,,,,,,None,,None,,,,,,None,0,,,,,,,,,,,None,,None,,None,,None,,None,,None,,None,,None,,None,,None,,None,,None,,None,,None,,None,,None,,None,,None,,None,No,None,,None,,None,No,None,No,None,No,None,No,None,No,None,
3579000,00:59:39.000,3603000,01:00:03.000,None,24000,,,,,,,None,,None,,,,,,None,0,,,,,,,,,,,None,,None,,None,,None,,None,,None,,None,,None,,None,,None,,None,,None,,None,,None,,None,,None,,None,,None,,None,No,None,,None,,None,No,None,No,None,No,None,No,None,No,None,
3605000,01:00:05.000,3616000,01:00:16.000,None,11000,,,,,,,None,,None,,,,,,None,0,,,,,,,,,,,None,,None,,None,,None,,None,,None,,None,,None,,None,,None,,None,,None,,None,,None,,None,,None,,None,,None,,None,No,None,,None,,None,No,None,No,None,No,None,No,None,No,None,
3618000,01:00:18.000,3633000,01:00:33.000,None,15000,,,,,,,None,,None,,,,,,None,0,,,,,,,,,,,None,,None,,None,,None,,None,,None,,None,,None,,None,,None,,None,,None,,None,,None,,None,,None,,None,,None,,None,No,None,,None,,None,No,None,No,None,No,None,No,None,No,None,
3635000,01:00:35.000,3649000,01:00:49.000,None,14000,,,,,,,None,,None,,,,,,None,0,,,,,,,,,,,None,,None,,None,,None,,None,,None,,None,,None,,None,,None,,None,,None,,None,,None,,None,,None,,None,,None,,None,No,None,,None,,None,No,None,No,None,No,None,No,None,No,None,
3651000,01:00:51.000,3670000,01:01:10.000,None,19000,,,,,,,None,,None,,,,,,None,0,,,,,,,,,,,None,,None,,None,,None,,None,,None,,None,,None,,None,,None,,None,,None,,None,,None,,None,,None,,None,,None,,None,No,None,,None,,None,No,None,No,None,No,None,No,None,No,None,
3672000,01:01:12.000,3710000,01:01:50.000,None,38000,,,,,,,None,,None,,,None,,None,None,0,,,,,,None,,None,,,None,,None,,None,,None,,None,,None,,None,,None,,None,,None,,None,,None,,None,,None,,None,,None,,None,,None,,None,No,None,,None,,None,No,None,No,None,No,None,No,None,No,None,
3710000,01:01:50.000,3739000,01:02:19.000,None,29000,,,,,,,None,,None,,,,,,None,0,,,,,,,,,,,None,,None,,None,,None,,None,,None,,None,,None,,None,,None,,None,,None,,None,,None,,None,,None,,None,,None,,None,No,None,,None,,None,No,None,No,None,No,None,No,None,No,None,
582000,00:09:42.000,624000,00:10:24.000,None,42000,,,,,,,None,,None,,,None,,None,None,0,,,,,,None,,None,,,None,,None,,None,,None,,None,,None,,None,,None,,None,,None,,None,,None,,None,,None,,None,,None,,None,,None,,None,No,None,,None,,None,No,None,No,None,No,None,No,None,No,None,
3739000,01:02:19.000,3763000,01:02:43.000,None,24000,,,,,,,None,,None,,,,,,None,0,,,,,,,,,,,None,,None,,None,,None,,None,,None,,None,,None,,None,,None,,None,,None,,None,,None,,None,,None,,None,,None,,None,No,None,,None,,None,No,None,No,None,No,None,No,None,No,None,
3765000,01:02:45.000,3771000,01:02:51.000,None,6000,,,,,,,None,,None,,,,,,None,0,,,,,,,,,,,None,,None,,None,,None,,None,,None,,None,,None,,None,,None,,None,,None,,None,,None,,None,,None,,None,,None,,None,No,None,,None,,None,No,None,No,None,No,None,No,None,No,None,
3773000,01:02:53.000,3786000,01:03:06.000,None,13000,,,,,,,None,,None,,,,,,None,0,,,,,,,,,,,None,,None,,None,,None,,None,,None,,None,,None,,None,,None,,None,,None,,None,,None,,None,,None,,None,,None,,None,No,None,,None,,None,No,None,No,None,No,None,No,None,No,None,
3786000,01:03:06.000,3808000,01:03:28.000,None,22000,,,,,,,None,,None,,,,,,None,0,,,,,,,,,,,None,,None,,None,,None,,None,,None,,None,,None,,None,,None,,None,,None,,None,,None,,None,,None,,None,,None,,None,No,None,,None,,None,No,None,No,None,No,None,No,None,No,None,
3810000,01:03:30.000,3825000,01:03:45.000,None,15000,,,,,,,None,,None,,,,,,None,0,,,,,,,,,,,None,,None,,None,,None,,None,,None,,None,,None,,None,,None,,None,,None,,None,,None,,None,,None,,None,,None,,None,No,None,,None,,None,No,None,No,None,No,None,No,None,No,None,
3827000,01:03:47.000,3850000,01:04:10.000,None,23000,,,,,,,None,,None,,,,,,None,0,,,,,,,,,,,None,,None,,None,,None,,None,,None,,None,,None,,None,,None,,None,,None,,None,,None,,None,,None,,None,,None,,None,No,None,,None,,None,No,None,No,None,No,None,No,None,No,None,
3850000,01:04:10.000,3885000,01:04:45.000,None,35000,,,,,,,None,,Crowd:Excitement,,,,,,None,0,,,,,,,,,,,None,,None,,None,,None,,None,,None,,None,,None,,None,,None,,None,,None,,None,,None,,None,,None,,None,,None,,None,No,None,,None,,None,No,None,No,None,No,None,No,None,No,None,
3887000,01:04:47.000,3921000,01:05:21.000,None,34000,,,,,,,None,,Crowd:Excitement,,,,,,None,0,,,,,,,,,,,None,,None,,None,,None,,None,,None,,None,,None,,None,,None,,None,,None,,None,,None,,None,,None,,None,,None,,None,No,None,,None,,None,No,None,No,None,No,None,No,None,No,None,
3924000,01:05:24.000,4031000,01:07:11.000,None,107000,,,,,,,None,,None,,,None,,None,None,0,,,,,,None,,None,,,"DRINKSBREAK,None",No,"DRINKSBREAK,None",No,"DRINKSBREAK,None",No,"DRINKSBREAK,None",No,"DRINKSBREAK,None",No,"DRINKSBREAK,None",No,"DRINKSBREAK,None",No,"DRINKSBREAK,None",No,"DRINKSBREAK,None",No,"DRINKSBREAK,None",No,"DRINKSBREAK,None",Yes,"DRINKSBREAK,None",No,"DRINKSBREAK,None",No,"DRINKSBREAK,None",No,"DRINKSBREAK,None",No,"DRINKSBREAK,None",No,None,,None,,None,No,None,,None,,None,No,None,No,None,No,None,No,None,No,None,
4033000,01:07:13.000,4075000,01:07:55.000,None,42000,,,,,,,None,,None,,,,,,None,0,,,,,,,,,,,None,,None,,None,,None,,None,,None,,None,,None,,None,,None,,None,,None,,None,,None,,None,,None,,None,,None,,None,No,None,,None,,None,No,None,No,None,No,None,No,None,No,None,
624000,00:10:24.000,667000,00:11:07.000,None,43000,,,,,,,None,,Crowd:Excitement,,,None,,None,None,0,,,,,,None,,None,,,None,,None,,None,,None,,None,,None,,None,,None,,None,,None,,None,,None,,None,,None,,None,,None,,None,,None,,None,No,None,,None,,None,No,None,No,None,No,None,No,None,No,None,
4075000,01:07:55.000,4092000,01:08:12.000,None,17000,,,,,,,None,,None,,,,,,None,0,,,,,,,,,,,None,,None,,None,,None,,None,,None,,None,,None,,None,,None,,None,,None,,None,,None,,None,,None,,None,,None,,None,No,None,,None,,None,No,None,No,None,No,None,No,None,No,None,
4094000,01:08:14.000,4103000,01:08:23.000,None,9000,,,,,,,None,,None,,,,,,None,0,,,,,,,,,,,None,,None,,None,,None,,None,,None,,None,,None,,None,,None,,None,,None,,None,,None,,None,,None,,None,,None,,None,No,None,,None,,None,No,None,No,None,No,None,No,None,No,None,
4106000,01:08:26.000,4113000,01:08:33.000,None,7000,,,,,,,None,,None,,,,,,None,0,,,,,,,,,,,None,,None,,None,,None,,None,,None,,None,,None,,None,,None,,None,,None,,None,,None,,None,,None,,None,,None,,None,No,None,,None,,None,No,None,No,None,No,None,No,None,No,None,
4115000,01:08:35.000,4133000,01:08:53.000,None,18000,,,,,,,None,,None,,,,,,None,0,,,,,,,,,,,None,,None,,None,,None,,None,,None,,None,,None,,None,,None,,None,,None,,None,,None,,None,,None,,None,,None,,None,No,None,,None,,None,No,None,No,None,No,None,No,None,No,None,
4136000,01:08:56.000,4153000,01:09:13.000,None,17000,,,,,,,None,,Crowd:Excitement,,,,,,None,0,,,,,,,,,,,None,,None,,None,,None,,None,,None,,None,,None,,None,,None,,None,,None,,None,,None,,None,,None,,None,,None,,None,No,None,,None,,None,No,None,No,None,No,None,No,None,No,None,
4155000,01:09:15.000,4161000,01:09:21.000,None,6000,,,,,,,None,,None,,,,,,None,0,,,,,,,,,,,None,,None,,None,,None,,None,,None,,None,,None,,None,,None,,None,,None,,None,,None,,None,,None,,None,,None,,None,No,None,,None,,None,No,None,No,None,No,None,No,None,No,None,
4164000,01:09:24.000,4176000,01:09:36.000,None,12000,,,,,,,None,,None,,,,,,None,0,,,,,,,,,,,None,,None,,None,,None,,None,,None,,None,,None,,None,,None,,None,,None,,None,,None,,None,,None,,None,,None,,None,No,None,,None,,None,No,None,No,None,No,None,No,None,No,None,
4179000,01:09:39.000,4183000,01:09:43.000,None,4000,,,,,,,None,,None,,,,,,None,0,,,,,,,,,,,None,,None,,None,,None,,None,,None,,None,,None,,None,,None,,None,,None,,None,,None,,None,,None,,None,,None,,None,No,None,,None,,None,No,None,No,None,No,None,No,None,No,None,
4186000,01:09:46.000,4199000,01:09:59.000,None,13000,,,,,,,None,,None,,,,,,None,0,,,,,,,,,,,None,,None,,None,,None,,None,,None,,None,,None,,None,,None,,None,,None,,None,,None,,None,,None,,None,,None,,None,No,None,,None,,None,No,None,No,None,No,None,No,None,No,None,
4202000,01:10:02.000,4216000,01:10:16.000,None,14000,,,,,,,None,,None,,,,,,None,0,,,,,,,,,,,None,,None,,None,,None,,None,,None,,None,,None,,None,,None,,None,,None,,None,,None,,None,,None,,None,,None,,None,No,None,,None,,None,No,None,No,None,No,None,No,None,No,None,
667000,00:11:07.000,703000,00:11:43.000,None,36000,,,,,,,None,,None,,,,,,None,0,,,,,,,,,,,None,,None,,None,,None,,None,,None,,None,,None,,None,,None,,None,,None,,None,,None,,None,,None,,None,,None,,None,No,None,,None,,None,No,None,No,None,No,None,No,None,No,None,
4219000,01:10:19.000,4255000,01:10:55.000,None,36000,,,,,,,None,,None,,,,,,None,0,,,,,,,,,,,None,,None,,None,,None,,None,,None,,None,,None,,None,,None,,None,,None,,None,,None,,None,,None,,None,,None,,None,No,None,,None,,None,No,None,No,None,No,None,No,None,No,None,
4257000,01:10:57.000,4276000,01:11:16.000,None,19000,,,,,,,None,,None,,,,,,None,0,,,,,,,,,,,None,,None,,None,,None,,None,,None,,None,,None,,None,,None,,None,,None,,None,,None,,None,,None,,None,,None,,None,No,None,,None,,None,No,None,No,None,No,None,No,None,No,None,
4279000,01:11:19.000,4298000,01:11:38.000,None,19000,,,,,,,None,,None,,,,,,None,0,,,,,,,,,,,None,,None,,None,,None,,None,,None,,None,,None,,None,,None,,None,,None,,None,,None,,None,,None,,None,,None,,None,No,None,,None,,None,No,None,No,None,No,None,No,None,No,None,
4301000,01:11:41.000,4321000,01:12:01.000,None,20000,,,None,AAMIR SOHAIL,,,None,,Crowd:Happy,,,,,,None,0,,,,,,,,,,,None,,None,,None,,None,,None,,None,,None,,None,,None,,None,,None,,None,,None,,None,,None,,None,,None,,None,,None,No,None,,None,,None,No,None,No,None,No,None,No,None,No,None,
4322000,01:12:02.000,4327000,01:12:07.000,None,5000,,,,,,,None,,None,,,,,,None,0,,,,,,,,,,,None,,None,,None,,None,,None,,None,,None,,None,,None,,None,,None,,None,,None,,None,,None,,None,,None,,None,,None,No,None,,None,,None,No,None,No,None,No,None,No,None,No,None,
4329000,01:12:09.000,4360000,01:12:40.000,None,31000,,,,,,,None,,None,,,,,,None,0,,,,,,,,,,,None,,None,,None,,None,,None,,None,,None,,None,,None,,None,,None,,None,,None,,None,,None,,None,,None,,None,,None,No,None,,None,,None,No,None,No,None,No,None,No,None,No,None,
4360000,01:12:40.000,4386000,01:13:06.000,None,26000,,,,,,,None,,Crowd:Excitement,,,,,,None,0,,,,,,,,,,,None,,None,,None,,None,,None,,None,,None,,None,,None,,None,,None,,None,,None,,None,,None,,None,,None,,None,,None,No,None,,None,,None,No,None,No,None,No,None,No,None,No,None,
4389000,01:13:09.000,4405000,01:13:25.000,None,16000,,,,,,,None,,None,,,,,,None,0,,,,,,,,,,,None,,None,,None,,None,,None,,None,,None,,None,,None,,None,,None,,None,,None,,None,,None,,None,,None,,None,,None,No,None,,None,,None,No,None,No,None,No,None,No,None,No,None,
4408000,01:13:28.000,4463000,01:14:23.000,None,55000,,,,,,,None,,None,,,None,,None,None,0,,,,,,None,,None,,,None,,None,,None,,None,,None,,None,,None,,None,,None,,None,,None,,None,,None,,None,,None,,None,,None,,None,,None,No,None,,None,,None,No,None,No,None,No,None,No,None,No,None,
4463000,01:14:23.000,4490000,01:14:50.000,None,27000,,,,,,,None,,None,,,,,,None,0,,,,,,,,,,,None,,None,,None,,None,,None,,None,,None,,None,,None,,None,,None,,None,,None,,None,,None,,None,,None,,None,,None,No,None,,None,,None,No,None,No,None,No,None,No,None,No,None,
703000,00:11:43.000,733000,00:12:13.000,None,30000,,,,,,,None,,None,,,None,,None,None,0,,,,,,None,,None,,,None,,None,,None,,None,,None,,None,,None,,None,,None,,None,,None,,None,,None,,None,,None,,None,,None,,None,,None,No,None,,None,,None,No,None,No,None,No,None,No,None,No,None,
4493000,01:14:53.000,4520000,01:15:20.000,None,27000,,,,,,,None,,None,,,,,,None,0,,,,,,,,,,,None,,None,,None,,None,,None,,None,,None,,None,,None,,None,,None,,None,,None,,None,,None,,None,,None,,None,,None,No,None,,None,,None,No,None,No,None,No,None,No,None,No,None,
4523000,01:15:23.000,4533000,01:15:33.000,None,10000,,,,,,,None,,None,,,,,,None,0,,,,,,,,,,,None,,None,,None,,None,,None,,None,,None,,None,,None,,None,,None,,None,,None,,None,,None,,None,,None,,None,,None,No,None,,None,,None,No,None,No,None,No,None,No,None,No,None,
4536000,01:15:36.000,4541000,01:15:41.000,None,5000,,,,,,,None,,None,,,,,,None,0,,,,,,,,,,,None,,None,,None,,None,,None,,None,,None,,None,,None,,None,,None,,None,,None,,None,,None,,None,,None,,None,,None,No,None,,None,,None,No,None,No,None,No,None,No,None,No,None,
4545000,01:15:45.000,4553000,01:15:53.000,None,8000,,,,,,,None,,None,,,,,,None,0,,,,,,,,,,,None,,None,,None,,None,,None,,None,,None,,None,,None,,None,,None,,None,,None,,None,,None,,None,,None,,None,,None,No,None,,None,,None,No,None,No,None,No,None,No,None,No,None,
4556000,01:15:56.000,4565000,01:16:05.000,None,9000,,,,,,,None,,None,,,None,,None,None,0,,,,,,None,,None,,,None,,None,,None,,None,,None,,None,,None,,None,,None,,None,,None,,None,,None,,None,,None,,None,,None,,None,,None,No,None,,None,,None,No,None,No,None,No,None,No,None,No,None,
4568000,01:16:08.000,4581000,01:16:21.000,None,13000,,,,,,,None,,None,,,,,,None,0,,,,,,,,,,,None,,None,,None,,None,,None,,None,,None,,None,,None,,None,,None,,None,,None,,None,,None,,None,,None,,None,,None,No,None,,None,,None,No,None,No,None,No,None,No,None,No,None,
4584000,01:16:24.000,4606000,01:16:46.000,None,22000,,,,,,,None,,None,,,None,,None,None,0,,,,,,None,,None,,,None,,None,,None,,None,,None,,None,,None,,None,,None,,None,,None,,None,,None,,None,,None,,None,,None,,None,,None,No,None,,None,,None,No,None,No,None,No,None,No,None,No,None,
4609000,01:16:49.000,4635000,01:17:15.000,None,26000,,,,,,,None,,None,,,,,,None,0,,,,,,,,,,,None,,None,,None,,None,,None,,None,,None,,None,,None,,None,,None,,None,,None,,None,,None,,None,,None,,None,,None,No,None,,None,,None,No,None,No,None,No,None,No,None,No,None,
4638000,01:17:18.000,4653000,01:17:33.000,None,15000,,,,,,,None,,None,,,,,,None,0,,,,,,,,,,,None,,None,,None,,None,,None,,None,,None,,None,,None,,None,,None,,None,,None,,None,,None,,None,,None,,None,,None,No,None,,None,,None,No,None,No,None,No,None,No,None,No,None,
4656000,01:17:36.000,4665000,01:17:45.000,None,9000,,,,,,,None,,None,,,,,,None,0,,,,,,,,,,,None,,None,,None,,None,,None,,None,,None,,None,,None,,None,,None,,None,,None,,None,,None,,None,,None,,None,,None,No,None,,None,,None,No,None,No,None,No,None,No,None,No,None,
733000,00:12:13.000,747000,00:12:27.000,None,14000,,,,,,,None,,None,,,,,,None,0,,,,,,,,,,,None,,None,,None,,None,,None,,None,,None,,None,,None,,None,,None,,None,,None,,None,,None,,None,,None,,None,,None,No,None,,None,,None,No,None,No,None,No,None,No,None,No,None,
4668000,01:17:48.000,4693000,01:18:13.000,None,25000,,,,,,,None,,Crowd:Excitement,,,,,,None,0,,,,,,,,,,,None,,None,,None,,None,,None,,None,,None,,None,,None,,None,,None,,None,,None,,None,,None,,None,,None,,None,,None,No,None,,None,,None,No,None,No,None,No,None,No,None,No,None,
4696000,01:18:16.000,4719000,01:18:39.000,None,23000,,,,,,,None,,None,,,,,,None,0,,,,,,,,,,,None,,None,,None,,None,,None,,None,,None,,None,,None,,None,,None,,None,,None,,None,,None,,None,,None,,None,,None,No,None,,None,,None,No,None,No,None,No,None,No,None,No,None,
4722000,01:18:42.000,4755000,01:19:15.000,None,33000,,,,,,,None,,None,,,,,,None,0,,,,,,,,,,,None,,None,,None,,None,,None,,None,,None,,None,,None,,None,,None,,None,,None,,None,,None,,None,,None,,None,,None,No,None,,None,,None,No,None,No,None,No,None,No,None,No,None,
4759000,01:19:19.000,4779000,01:19:39.000,None,20000,,,,,,,None,,None,,,,,,None,0,,,,,,,,,,,None,,None,,None,,None,,None,,None,,None,,None,,None,,None,,None,,None,,None,,None,,None,,None,,None,,None,,None,No,None,,None,,None,No,None,No,None,No,None,No,None,No,None,
4782000,01:19:42.000,4813000,01:20:13.000,None,31000,,,,,,,None,,None,,,,,,None,0,,,,,,,,,,,None,,None,,None,,None,,None,,None,,None,,None,,None,,None,,None,,None,,None,,None,,None,,None,,None,,None,,None,No,None,,None,,None,No,None,No,None,No,None,No,None,No,None,
4816000,01:20:16.000,4832000,01:20:32.000,None,16000,,,,,,,None,,None,,,,,,None,0,,,,,,,,,,,None,,None,,None,,None,,None,,None,,None,,None,,None,,None,,None,,None,,None,,None,,None,,None,,None,,None,,None,No,None,,None,,None,No,None,No,None,No,None,No,None,No,None,
4832000,01:20:32.000,4852000,01:20:52.000,None,20000,,,,,,,None,,Crowd:Excitement,,,None,,None,None,0,,,,,,None,,None,,,None,,None,,None,,None,,None,,None,,None,,None,,None,,None,,None,,None,,None,,None,,None,,None,,None,,None,,None,No,None,,None,,None,No,None,No,None,No,None,No,None,No,None,
4856000,01:20:56.000,4883000,01:21:23.000,None,27000,,,,,,,None,,Crowd:Excitement,,,None,,None,None,0,,,,,,None,,None,,,None,,None,,None,,None,,None,,None,,None,,None,,None,,None,,None,,None,,None,,None,,None,,None,,None,,None,,None,No,None,,None,,None,No,None,No,None,No,None,No,None,No,None,
4886000,01:21:26.000,4950000,01:22:30.000,None,64000,,,,,,,None,,None,,,None,,None,None,0,,,,,,None,,None,,,"ADHOCDRINKSBREAK,None",No,"ADHOCDRINKSBREAK,None",No,"ADHOCDRINKSBREAK,None",No,"ADHOCDRINKSBREAK,None",No,"ADHOCDRINKSBREAK,None",No,"ADHOCDRINKSBREAK,None",No,"ADHOCDRINKSBREAK,None",No,"ADHOCDRINKSBREAK,None",No,"ADHOCDRINKSBREAK,None",No,"ADHOCDRINKSBREAK,None",No,"ADHOCDRINKSBREAK,None",Yes,"ADHOCDRINKSBREAK,None",Yes,"ADHOCDRINKSBREAK,None",No,"ADHOCDRINKSBREAK,None",No,"ADHOCDRINKSBREAK,None",No,"ADHOCDRINKSBREAK,None",No,None,,None,,None,No,None,,None,,None,No,None,No,None,No,None,No,None,No,None,
4950000,01:22:30.000,4991000,01:23:11.000,None,41000,,,,,,,None,,Crowd:Excitement,,,None,,None,None,0,,,,,,None,,None,,,None,,None,,None,,None,,None,,None,,None,,None,,None,,None,,None,,None,,None,,None,,None,,None,,None,,None,,None,No,None,,None,,None,No,None,No,None,No,None,No,None,No,None,
748000,00:12:28.000,771000,00:12:51.000,None,23000,,,,,,,None,,None,,,,,,None,0,,,,,,,,,,,None,,None,,None,,None,,None,,None,,None,,None,,None,,None,,None,,None,,None,,None,,None,,None,,None,,None,,None,No,None,,None,,None,No,None,No,None,No,None,No,None,No,None,
4995000,01:23:15.000,5006000,01:23:26.000,None,11000,,,,,,,None,,None,,,,,,None,0,,,,,,,,,,,None,,None,,None,,None,,None,,None,,None,,None,,None,,None,,None,,None,,None,,None,,None,,None,,None,,None,,None,No,None,,None,,None,No,None,No,None,No,None,No,None,No,None,
5006000,01:23:26.000,5033000,01:23:53.000,None,27000,,,,,,,None,,None,,,,,,None,0,,,,,,,,,,,None,,None,,None,,None,,None,,None,,None,,None,,None,,None,,None,,None,,None,,None,,None,,None,,None,,None,,None,No,None,,None,,None,No,None,No,None,No,None,No,None,No,None,
5035000,01:23:55.000,5055000,01:24:15.000,None,20000,,,,,,,None,,None,,,None,,None,None,0,,,,,,None,,None,,,None,,None,,None,,None,,None,,None,,None,,None,,None,,None,,None,,None,,None,,None,,None,,None,,None,,None,,None,No,None,,None,,None,No,None,No,None,No,None,No,None,No,None,
5059000,01:24:19.000,5066000,01:24:26.000,None,7000,,,,,,,None,,None,,,,,,None,0,,,,,,,,,,,None,,None,,None,,None,,None,,None,,None,,None,,None,,None,,None,,None,,None,,None,,None,,None,,None,,None,,None,No,None,,None,,None,No,None,No,None,No,None,No,None,No,None,
5069000,01:24:29.000,5078000,01:24:38.000,None,9000,,,,,,,None,,None,,,,,,None,0,,,,,,,,,,,None,,None,,None,,None,,None,,None,,None,,None,,None,,None,,None,,None,,None,,None,,None,,None,,None,,None,,None,No,None,,None,,None,No,None,No,None,No,None,No,None,No,None,
5081000,01:24:41.000,5098000,01:24:58.000,None,17000,,,,,,,None,,None,,,,,,None,0,,,,,,,,,,,None,,None,,None,,None,,None,,None,,None,,None,,None,,None,,None,,None,,None,,None,,None,,None,,None,,None,,None,No,None,,None,,None,No,None,No,None,No,None,No,None,No,None,
5098000,01:24:58.000,5132000,01:25:32.000,None,34000,,,,,,,None,,None,,,None,,None,None,0,,,,,,None,,None,,,None,,None,,None,,None,,None,,None,,None,,None,,None,,None,,None,,None,,None,,None,,None,,None,,None,,None,,None,No,None,,None,,None,No,None,No,None,No,None,No,None,No,None,
5136000,01:25:36.000,5172000,01:26:12.000,None,36000,,,,,,,None,,None,,,,,,None,0,,,,,,,,,,,None,,None,,None,,None,,None,,None,,None,,None,,None,,None,,None,,None,,None,,None,,None,,None,,None,,None,,None,No,None,,None,,None,No,None,No,None,No,None,No,None,No,None,
5175000,01:26:15.000,5191000,01:26:31.000,None,16000,,,,,,,None,,None,,,,,,None,0,,,,,,,,,,,None,,None,,None,,None,,None,,None,,None,,None,,None,,None,,None,,None,,None,,None,,None,,None,,None,,None,,None,No,None,,None,,None,No,None,No,None,No,None,No,None,No,None,
5191000,01:26:31.000,5207000,01:26:47.000,None,16000,,,,,,,None,,None,,,,,,None,0,,,,,,,,,,,None,,None,,None,,None,,None,,None,,None,,None,,None,,None,,None,,None,,None,,None,,None,,None,,None,,None,,None,No,None,,None,,None,No,None,No,None,No,None,No,None,No,None,
7000,00:00:07.000,187000,00:03:07.000,None,180000,,,,,,,None,,None,,,None,,None,None,0,,,,,,None,,None,,,None,,None,,None,,None,,None,,None,,None,,None,,None,,None,,None,,None,,None,,None,,None,,None,,None,,None,,None,No,None,,None,,None,No,None,No,None,No,None,No,None,No,None,
771000,00:12:51.000,786000,00:13:06.000,None,15000,,,,,,,None,,None,,,,,,None,0,,,,,,,,,,,None,,None,,None,,None,,None,,None,,None,,None,,None,,None,,None,,None,,None,,None,,None,,None,,None,,None,,None,No,None,,None,,None,No,None,No,None,No,None,No,None,No,None,
5211000,01:26:51.000,5229000,01:27:09.000,None,18000,,,,,,,None,,None,,,,,,None,0,,,,,,,,,,,None,,None,,None,,None,,None,,None,,None,,None,,None,,None,,None,,None,,None,,None,,None,,None,,None,,None,,None,No,None,,None,,None,No,None,No,None,No,None,No,None,No,None,
5232000,01:27:12.000,5251000,01:27:31.000,None,19000,,,,,,,None,,None,,,,,,None,0,,,,,,,,,,,None,,None,,None,,None,,None,,None,,None,,None,,None,,None,,None,,None,,None,,None,,None,,None,,None,,None,,None,No,None,,None,,None,No,None,No,None,No,None,No,None,No,None,
5255000,01:27:35.000,5274000,01:27:54.000,None,19000,None,Negative,None,BRUCE YARDLEY,None,Negative,None,,None,,,,,,None,0,,,,,,,,,,,None,,None,,None,,None,,None,,None,,None,,None,,None,,None,,None,,None,,None,,None,,None,,None,,None,,None,,None,No,None,,None,,None,No,None,No,None,No,None,No,None,No,None,
5278000,01:27:58.000,5298000,01:28:18.000,None,20000,None,Negative,None,BRUCE YARDLEY,None,Negative,None,,None,,,,,,None,0,,,,,,,,,,,None,,None,,None,,None,,None,,None,,None,,None,,None,,None,,None,,None,,None,,None,,None,,None,,None,,None,,None,No,None,,None,,None,No,None,No,None,No,None,No,None,No,None,
5298000,01:28:18.000,5312000,01:28:32.000,None,14000,,,,,,,None,,None,,,,,,None,0,,,,,,,,,,,None,,None,,None,,None,,None,,None,,None,,None,,None,,None,,None,,None,,None,,None,,None,,None,,None,,None,,None,No,None,,None,,None,No,None,No,None,No,None,No,None,No,None,
5316000,01:28:36.000,5322000,01:28:42.000,None,6000,None,Negative,None,BRUCE YARDLEY,None,Negative,None,,None,,,,,,None,0,,,,,,,,,,,None,,None,,None,,None,,None,,None,,None,,None,,None,,None,,None,,None,,None,,None,,None,,None,,None,,None,,None,No,None,,None,,None,No,None,No,None,No,None,No,None,No,None,
5326000,01:28:46.000,5343000,01:29:03.000,None,17000,,,,,,,None,,None,,,,,,None,0,,,,,,,,,,,None,,None,,None,,None,,None,,None,,None,,None,,None,,None,,None,,None,,None,,None,,None,,None,,None,,None,,None,No,None,,None,,None,No,None,No,None,No,None,No,None,No,None,
5343000,01:29:03.000,5355000,01:29:15.000,None,12000,None,Negative,None,BRUCE YARDLEY,None,Negative,None,,None,,,,,,None,0,,,,,,,,,,,None,,None,,None,,None,,None,,None,,None,,None,,None,,None,,None,,None,,None,,None,,None,,None,,None,,None,,None,No,None,,None,,None,No,None,No,None,No,None,No,None,No,None,
5355000,01:29:15.000,5375000,01:29:35.000,None,20000,,,,,,,None,,None,,,,,,None,0,,,,,,,,,,,None,,None,,None,,None,,None,,None,,None,,None,,None,,None,,None,,None,,None,,None,,None,,None,,None,,None,,None,No,None,,None,,None,No,None,No,None,No,None,No,None,No,None,
5378000,01:29:38.000,5402000,01:30:02.000,None,24000,,,,,,,None,,None,,,,,,None,0,,,,,,,,,,,None,,None,,None,,None,,None,,None,,None,,None,,None,,None,,None,,None,,None,,None,,None,,None,,None,,None,,None,No,None,,None,,None,No,None,No,None,No,None,No,None,No,None,
786000,00:13:06.000,793000,00:13:13.000,None,7000,,,,,,,None,,None,,,,,,None,0,,,,,,,,,,,None,,None,,None,,None,,None,,None,,None,,None,,None,,None,,None,,None,,None,,None,,None,,None,,None,,None,,None,No,None,,None,,None,No,None,No,None,No,None,No,None,No,None,
5406000,01:30:06.000,5429000,01:30:29.000,None,23000,,,,,,,None,,None,,,,,,None,0,,,,,,,,,,,None,,None,,None,,None,,None,,None,,None,,None,,None,,None,,None,,None,,None,,None,,None,,None,,None,,None,,None,No,None,,None,,None,No,None,No,None,No,None,No,None,No,None,
5433000,01:30:33.000,5446000,01:30:46.000,None,13000,,,,,,,None,,None,,,,,,None,0,,,,,,,,,,,None,,None,,None,,None,,None,,None,,None,,None,,None,,None,,None,,None,,None,,None,,None,,None,,None,,None,,None,No,None,,None,,None,No,None,No,None,No,None,No,None,No,None,
5449000,01:30:49.000,5476000,01:31:16.000,None,27000,,,,,,,None,,None,,,,,,None,0,,,,,,,,,,,None,,None,,None,,None,,None,,None,,None,,None,,None,,None,,None,,None,,None,,None,,None,,None,,None,,None,,None,No,None,,None,,None,No,None,No,None,No,None,No,None,No,None,
5480000,01:31:20.000,5491000,01:31:31.000,None,11000,,,,,,,None,,None,,,,,,None,0,,,,,,,,,,,None,,None,,None,,None,,None,,None,,None,,None,,None,,None,,None,,None,,None,,None,,None,,None,,None,,None,,None,No,None,,None,,None,No,None,No,None,No,None,No,None,No,None,
5495000,01:31:35.000,5515000,01:31:55.000,None,20000,,,,,,,None,,None,,,,,,None,0,,,,,,,,,,,None,,None,,None,,None,,None,,None,,None,,None,,None,,None,,None,,None,,None,,None,,None,,None,,None,,None,,None,No,None,,None,,None,No,None,No,None,No,None,No,None,No,None,
5518000,01:31:58.000,5529000,01:32:09.000,None,11000,,,,,,,None,,None,,,,,,None,0,,,,,,,,,,,None,,None,,None,,None,,None,,None,,None,,None,,None,,None,,None,,None,,None,,None,,None,,None,,None,,None,,None,No,None,,None,,None,No,None,No,None,No,None,No,None,No,None,
5533000,01:32:13.000,5546000,01:32:26.000,None,13000,,,,,,,None,,None,,,,,,None,0,,,,,,,,,,,None,,None,,None,,None,,None,,None,,None,,None,,None,,None,,None,,None,,None,,None,,None,,None,,None,,None,,None,No,None,,None,,None,No,None,No,None,No,None,No,None,No,None,
5550000,01:32:30.000,5571000,01:32:51.000,None,21000,,,,,,,None,,None,,,,,,None,0,,,,,,,,,,,None,,None,,None,,None,,None,,None,,None,,None,,None,,None,,None,,None,,None,,None,,None,,None,,None,,None,,None,No,None,,None,,None,No,None,No,None,No,None,No,None,No,None,
5575000,01:32:55.000,5601000,01:33:21.000,None,26000,,,,,,,None,,None,,,,,,None,0,,,,,,,,,,,None,,None,,None,,None,,None,,None,,None,,None,,None,,None,,None,,None,,None,,None,,None,,None,,None,,None,,None,No,None,,None,,None,No,None,No,None,No,None,No,None,No,None,
5605000,01:33:25.000,5614000,01:33:34.000,None,9000,,,,,,,None,,None,,,,,,None,0,,,,,,,,,,,None,,None,,None,,None,,None,,None,,None,,None,,None,,None,,None,,None,,None,,None,,None,,None,,None,,None,,None,No,None,,None,,None,No,None,No,None,No,None,No,None,No,None,
794000,00:13:14.000,821000,00:13:41.000,None,27000,,,,,,,None,,None,,,,,,None,0,,,,,,,,,,,None,,None,,None,,None,,None,,None,,None,,None,,None,,None,,None,,None,,None,,None,,None,,None,,None,,None,,None,No,None,,None,,None,No,None,No,None,No,None,No,None,No,None,
5618000,01:33:38.000,5622000,01:33:42.000,None,4000,,,,,,,None,,None,,,,,,None,0,,,,,,,,,,,None,,None,,None,,None,,None,,None,,None,,None,,None,,None,,None,,None,,None,,None,,None,,None,,None,,None,,None,No,None,,None,,None,No,None,No,None,No,None,No,None,No,None,
5626000,01:33:46.000,5642000,01:34:02.000,None,16000,,,,,,,None,,None,,,,,,None,0,,,,,,,,,,,None,,None,,None,,None,,None,,None,,None,,None,,None,,None,,None,,None,,None,,None,,None,,None,,None,,None,,None,No,None,,None,,None,No,None,No,None,No,None,No,None,No,None,
5646000,01:34:06.000,5649000,01:34:09.000,None,3000,,,,,,,None,,None,,,None,,None,None,0,,,,,,None,,None,,,None,,None,,None,,None,,None,,None,,None,,None,,None,,None,,None,,None,,None,,None,,None,,None,,None,,None,,None,No,None,,None,,None,No,None,No,None,No,None,No,None,No,None,
821000,00:13:41.000,854000,00:14:14.000,None,33000,,,,,,,None,,None,,,,,,None,0,,,,,,,,,,,None,,None,,None,,None,,None,,None,,None,,None,,None,,None,,None,,None,,None,,None,,None,,None,,None,,None,,None,No,None,,None,,None,No,None,No,None,No,None,No,None,No,None,
855000,00:14:15.000,876000,00:14:36.000,None,21000,,,,,,,None,,None,,,,,,None,0,,,,,,,,,,,None,,None,,None,,None,,None,,None,,None,,None,,None,,None,,None,,None,,None,,None,,None,,None,,None,,None,,None,No,None,,None,,None,No,None,No,None,No,None,No,None,No,None,
876000,00:14:36.000,881000,00:14:41.000,None,5000,,,,,,,None,,None,,,,,,None,0,,,,,,,,,,,None,,None,,None,,None,,None,,None,,None,,None,,None,,None,,None,,None,,None,,None,,None,,None,,None,,None,,None,No,None,,None,,None,No,None,No,None,No,None,No,None,No,None,
881000,00:14:41.000,914000,00:15:14.000,None,33000,,,,,,,None,,None,,,None,,None,None,0,,,,,,None,,None,,,None,,None,,None,,None,,None,,None,,None,,None,,None,,None,,None,,None,,None,,None,,None,,None,,None,,None,,None,No,None,,None,,None,No,None,No,None,No,None,No,None,No,None,
915000,00:15:15.000,925000,00:15:25.000,None,10000,,,,,,,None,,None,,,,,,None,0,,,,,,,,,,,None,,None,,None,,None,,None,,None,,None,,None,,None,,None,,None,,None,,None,,None,,None,,None,,None,,None,,None,No,None,,None,,None,No,None,No,None,No,None,No,None,No,None,
925000,00:15:25.000,945000,00:15:45.000,None,20000,,,,,,,None,,None,,,None,,None,None,0,,,,,,None,,None,,,None,,None,,None,,None,,None,,None,,None,,None,,None,,None,,None,,None,,None,,None,,None,,None,,None,,None,,None,No,None,,None,,None,No,None,No,None,No,None,No,None,No,None,
945000,00:15:45.000,963000,00:16:03.000,None,18000,,,,,,,None,,None,,,,,,None,0,,,,,,,,,,,None,,None,,None,,None,,None,,None,,None,,None,,None,,None,,None,,None,,None,,None,,None,,None,,None,,None,,None,No,None,,None,,None,No,None,No,None,No,None,No,None,No,None,
187000,00:03:07.000,259000,00:04:19.000,None,72000,,,,,,,None,,None,,,None,,None,None,0,,,,,,None,,None,,,None,,None,,None,,None,,None,,None,,None,,None,,None,,None,,None,,None,,None,,None,,None,,None,,None,,None,,None,No,None,,None,,None,No,None,No,None,No,None,No,None,No,None,
964000,00:16:04.000,982000,00:16:22.000,None,18000,,,,,,,None,,None,,,None,,None,None,0,,,,,,None,,None,,,None,,None,,None,,None,,None,,None,,None,,None,,None,,None,,None,,None,,None,,None,,None,,None,,None,,None,,None,No,None,,None,,None,No,None,No,None,No,None,No,None,No,None,
983000,00:16:23.000,997000,00:16:37.000,None,14000,,,,,,,None,,None,,,,,,None,0,,,,,,,,,,,None,,None,,None,,None,,None,,None,,None,,None,,None,,None,,None,,None,,None,,None,,None,,None,,None,,None,,None,No,None,,None,,None,No,None,No,None,No,None,No,None,No,None,
998000,00:16:38.000,1026000,00:17:06.000,None,28000,,,,,,,None,,Crowd:Excitement,,,None,,None,None,0,,,,,,None,,None,,,None,,None,,None,,None,,None,,None,,None,,None,,None,,None,,None,,None,,None,,None,,None,,None,,None,,None,,None,No,None,,None,,None,No,None,No,None,No,None,No,None,No,None,
1027000,00:17:07.000,1048000,00:17:28.000,None,21000,,,,,,,None,,None,,,,,,None,0,,,,,,,,,,,None,,None,,None,,None,,None,,None,,None,,None,,None,,None,,None,,None,,None,,None,,None,,None,,None,,None,,None,No,None,,None,,None,No,None,No,None,No,None,No,None,No,None,
1049000,00:17:29.000,1065000,00:17:45.000,None,16000,,,,,,,None,,None,,,,,,None,0,,,,,,,,,,,None,,None,,None,,None,,None,,None,,None,,None,,None,,None,,None,,None,,None,,None,,None,,None,,None,,None,,None,No,None,,None,,None,No,None,No,None,No,None,No,None,No,None,
1066000,00:17:46.000,1105000,00:18:25.000,None,39000,,,,,,,None,,None,,,,,,None,0,,,,,,,,,,,None,,None,,None,,None,,None,,None,,None,,None,,None,,None,,None,,None,,None,,None,,None,,None,,None,,None,,None,No,None,,None,,None,No,None,No,None,No,None,No,None,No,None,
1106000,00:18:26.000,1127000,00:18:47.000,None,21000,,,,,,,None,,None,,,,,,None,0,,,,,,,,,,,None,,None,,None,,None,,None,,None,,None,,None,,None,,None,,None,,None,,None,,None,,None,,None,,None,,None,,None,No,None,,None,,None,No,None,No,None,No,None,No,None,No,None,
1128000,00:18:48.000,1174000,00:19:34.000,None,46000,,,,,,,None,,None,,,None,,None,None,0,,,,,,None,,None,,,None,,None,,None,,None,,None,,None,,None,,None,,None,,None,,None,,None,,None,,None,,None,,None,,None,,None,,None,No,None,,None,,None,No,None,No,None,No,None,No,None,No,None,
1175000,00:19:35.000,1192000,00:19:52.000,None,17000,,,,,,,None,,None,,,,,,None,0,,,,,,,,,,,None,,None,,None,,None,,None,,None,,None,,None,,None,,None,,None,,None,,None,,None,,None,,None,,None,,None,,None,No,None,,None,,None,No,None,No,None,No,None,No,None,No,None,
1193000,00:19:53.000,1210000,00:20:10.000,None,17000,,,,,,,None,,None,,,,,,None,0,,,,,,,,,,,None,,None,,None,,None,,None,,None,,None,,None,,None,,None,,None,,None,,None,,None,,None,,None,,None,,None,,None,No,None,,None,,None,No,None,No,None,No,None,No,None,No,None,
260000,00:04:20.000,278000,00:04:38.000,None,18000,,,,,,,None,,None,,,,,,None,0,,,,,,,,,,,None,,None,,None,,None,,None,,None,,None,,None,,None,,None,,None,,None,,None,,None,,None,,None,,None,,None,,None,No,None,,None,,None,No,None,No,None,No,None,No,None,No,None,
1211000,00:20:11.000,1220000,00:20:20.000,None,9000,,,,,,,None,,None,,,,,,None,0,,,,,,,,,,,None,,None,,None,,None,,None,,None,,None,,None,,None,,None,,None,,None,,None,,None,,None,,None,,None,,None,,None,No,None,,None,,None,No,None,No,None,No,None,No,None,No,None,
1221000,00:20:21.000,1246000,00:20:46.000,None,25000,,,,,,,None,,Crowd:Excitement,,,,,,None,0,,,,,,,,,,,None,,None,,None,,None,,None,,None,,None,,None,,None,,None,,None,,None,,None,,None,,None,,None,,None,,None,,None,No,None,,None,,None,No,None,No,None,No,None,No,None,No,None,
1247000,00:20:47.000,1270000,00:21:10.000,None,23000,,,,,,,None,,Crowd:Excitement,,,,,,None,0,,,,,,,,,,,None,,None,,None,,None,,None,,None,,None,,None,,None,,None,,None,,None,,None,,None,,None,,None,,None,,None,,None,No,None,,None,,None,No,None,No,None,No,None,No,None,No,None,
1270000,00:21:10.000,1320000,00:22:00.000,None,50000,,,,,,,None,,None,,,None,,None,None,0,,,,,,None,,None,,,None,,None,,None,,None,,None,,None,,None,,None,,None,,None,,None,,None,,None,,None,,None,,None,,None,,None,,None,No,None,,None,,None,No,None,No,None,No,None,No,None,No,None,
1321000,00:22:01.000,1339000,00:22:19.000,None,18000,,,,,,,None,,None,,,None,,None,None,0,,,,,,None,,None,,,None,,None,,None,,None,,None,,None,,None,,None,,None,,None,,None,,None,,None,,None,,None,,None,,None,,None,,None,No,None,,None,,None,No,None,No,None,No,None,No,None,No,None,
1340000,00:22:20.000,1372000,00:22:52.000,None,32000,,,,,,,None,,None,,,,,,None,0,,,,,,,,,,,None,,None,,None,,None,,None,,None,,None,,None,,None,,None,,None,,None,,None,,None,,None,,None,,None,,None,,None,No,None,,None,,None,No,None,No,None,No,None,No,None,No,None,
1373000,00:22:53.000,1393000,00:23:13.000,None,20000,,,,,,,None,,None,,,,,,None,0,,,,,,,,,,,None,,None,,None,,None,,None,,None,,None,,None,,None,,None,,None,,None,,None,,None,,None,,None,,None,,None,,None,No,None,,None,,None,No,None,No,None,No,None,No,None,No,None,
1394000,00:23:14.000,1406000,00:23:26.000,None,12000,,,,,,,None,,None,,,,,,None,0,,,,,,,,,,,None,,None,,None,,None,,None,,None,,None,,None,,None,,None,,None,,None,,None,,None,,None,,None,,None,,None,,None,No,None,,None,,None,No,None,No,None,No,None,No,None,No,None,
1407000,00:23:27.000,1414000,00:23:34.000,None,7000,,,,,,,None,,Crowd:Excitement,,,None,,None,None,0,,,,,,None,,None,,,None,,None,,None,,None,,None,,None,,None,,None,,None,,None,,None,,None,,None,,None,,None,,None,,None,,None,,None,No,None,,None,,None,No,None,No,None,No,None,No,None,No,None,
1415000,00:23:35.000,1438000,00:23:58.000,None,23000,,,,,,,None,,None,,,,,,None,0,,,,,,,,,,,None,,None,,None,,None,,None,,None,,None,,None,,None,,None,,None,,None,,None,,None,,None,,None,,None,,None,,None,No,None,,None,,None,No,None,No,None,No,None,No,None,No,None,
278000,00:04:38.000,336000,00:05:36.000,None,58000,,,,,,,None,,None,,,None,,None,None,0,,,,,,None,,None,,,None,,None,,None,,None,,None,,None,,None,,None,,None,,None,,None,,None,,None,,None,,None,,None,,None,,None,,None,No,None,,None,,None,No,None,No,None,No,None,No,None,No,None,
1438000,00:23:58.000,1472000,00:24:32.000,None,34000,,,,,,,None,,None,,,,,,None,0,,,,,,,,,,,None,,None,,None,,None,,None,,None,,None,,None,,None,,None,,None,,None,,None,,None,,None,,None,,None,,None,,None,No,None,,None,,None,No,None,No,None,No,None,No,None,No,None,
1473000,00:24:33.000,1524000,00:25:24.000,None,51000,,,,,,,None,,None,,,None,,None,None,0,,,,,,None,,None,,,None,,None,,None,,None,,None,,None,,None,,None,,None,,None,,None,,None,,None,,None,,None,,None,,None,,None,,None,No,None,,None,,None,No,None,No,None,No,None,No,None,No,None,
1525000,00:25:25.000,1558000,00:25:58.000,None,33000,,,,,,,None,,None,,,,,,None,0,,,,,,,,,,,None,,None,,None,,None,,None,,None,,None,,None,,None,,None,,None,,None,,None,,None,,None,,None,,None,,None,,None,No,None,,None,,None,No,None,No,None,No,None,No,None,No,None,
1559000,00:25:59.000,1623000,00:27:03.000,None,64000,,,,,,,None,,None,,,,,,None,0,,,,,,,,,,,None,,None,,None,,None,,None,,None,,None,,None,,None,,None,,None,,None,,None,,None,,None,,None,,None,,None,,None,No,None,,None,,None,No,None,No,None,No,None,No,None,No,None,
1623000,00:27:03.000,1649000,00:27:29.000,None,26000,,,,,,,None,,Crowd:Excitement,,,None,,None,None,0,,,,,,None,,None,,,None,,None,,None,,None,,None,,None,,None,,None,,None,,None,,None,,None,,None,,None,,None,,None,,None,,None,,None,No,None,,None,,None,No,None,No,None,No,None,No,None,No,None,
1649000,00:27:29.000,1672000,00:27:52.000,None,23000,,,,,,,None,,Crowd:Excitement,,,None,,None,None,0,,,,,,None,,None,,,None,,None,,None,,None,,None,,None,,None,,None,,None,,None,,None,,None,,None,,None,,None,,None,,None,,None,,None,No,None,,None,,None,No,None,No,None,No,None,No,None,No,None,
1673000,00:27:53.000,1695000,00:28:15.000,None,22000,,,None,ARUN LAL,,,None,,None,,,,,,None,0,,,,,,,,,,,None,,None,,None,,None,,None,,None,,None,,None,,None,,None,,None,,None,,None,,None,,None,,None,,None,,None,,None,No,None,,None,,None,No,None,No,None,No,None,No,None,No,None,
1695000,00:28:15.000,1718000,00:28:38.000,None,23000,,,,,,,None,,None,,,,,,None,0,,,,,,,,,,,None,,None,,None,,None,,None,,None,,None,,None,,None,,None,,None,,None,,None,,None,,None,,None,,None,,None,,None,No,None,,None,,None,No,None,No,None,No,None,No,None,No,None,
1719000,00:28:39.000,1739000,00:28:59.000,None,20000,,,,,,,None,,None,,,,,,None,0,,,,,,,,,,,None,,None,,None,,None,,None,,None,,None,,None,,None,,None,,None,,None,,None,,None,,None,,None,,None,,None,,None,No,None,,None,,None,No,None,No,None,No,None,No,None,No,None,
1740000,00:29:00.000,1780000,00:29:40.000,None,40000,,,,,,,None,,None,,,None,,None,None,0,,,,,,None,,None,,,None,,None,,None,,None,,None,,None,,None,,None,,None,,None,,None,,None,,None,,None,,None,,None,,None,,None,,None,No,None,,None,,None,No,None,No,None,No,None,No,None,No,None,
336000,00:05:36.000,356000,00:05:56.000,None,20000,,,,,,,None,,None,,,,,,None,0,,,,,,,,,,,None,,None,,None,,None,,None,,None,,None,,None,,None,,None,,None,,None,,None,,None,,None,,None,,None,,None,,None,No,None,,None,,None,No,None,No,None,No,None,No,None,No,None,
1780000,00:29:40.000,1796000,00:29:56.000,None,16000,,,,,,,None,,None,,,,,,None,0,,,,,,,,,,,None,,None,,None,,None,,None,,None,,None,,None,,None,,None,,None,,None,,None,,None,,None,,None,,None,,None,,None,No,None,,None,,None,No,None,No,None,No,None,No,None,No,None,
1796000,00:29:56.000,1825000,00:30:25.000,None,29000,,,,,,,None,,None,,,,,,None,0,,,,,,,,,,,None,,None,,None,,None,,None,,None,,None,,None,,None,,None,,None,,None,,None,,None,,None,,None,,None,,None,,None,No,None,,None,,None,No,None,No,None,No,None,No,None,No,None,
1826000,00:30:26.000,1862000,00:31:02.000,None,36000,,,,,,,None,,None,,,,,,None,0,,,,,,,,,,,None,,None,,None,,None,,None,,None,,None,,None,,None,,None,,None,,None,,None,,None,,None,,None,,None,,None,,None,No,None,,None,,None,No,None,No,None,No,None,No,None,No,None,
1863000,00:31:03.000,1880000,00:31:20.000,None,17000,,,,,,,None,,None,,,,,,None,0,,,,,,,,,,,None,,None,,None,,None,,None,,None,,None,,None,,None,,None,,None,,None,,None,,None,,None,,None,,None,,None,,None,No,None,,None,,None,No,None,No,None,No,None,No,None,No,None,
1881000,00:31:21.000,1898000,00:31:38.000,None,17000,,,,,,,None,,None,,,,,,None,0,,,,,,,,,,,None,,None,,None,,None,,None,,None,,None,,None,,None,,None,,None,,None,,None,,None,,None,,None,,None,,None,,None,No,None,,None,,None,No,None,No,None,No,None,No,None,No,None,
1899000,00:31:39.000,1911000,00:31:51.000,None,12000,,,,,,,None,,None,,,None,,None,None,0,,,,,,None,,None,,,None,,None,,None,,None,,None,,None,,None,,None,,None,,None,,None,,None,,None,,None,,None,,None,,None,,None,,None,No,None,,None,,None,No,None,No,None,No,None,No,None,No,None,
1912000,00:31:52.000,1932000,00:32:12.000,None,20000,,,,,,,None,,None,,,,,,None,0,,,,,,,,,,,None,,None,,None,,None,,None,,None,,None,,None,,None,,None,,None,,None,,None,,None,,None,,None,,None,,None,,None,No,None,,None,,None,No,None,No,None,No,None,No,None,No,None,
1933000,00:32:13.000,1952000,00:32:32.000,None,19000,,,,,,,None,,None,,,,,,None,0,,,,,,,,,,,None,,None,,None,,None,,None,,None,,None,,None,,None,,None,,None,,None,,None,,None,,None,,None,,None,,None,,None,No,None,,None,,None,No,None,No,None,No,None,No,None,No,None,
1953000,00:32:33.000,1985000,00:33:05.000,None,32000,,,,,,,None,,None,,,,,,None,0,,,,,,,,,,,None,,None,,None,,None,,None,,None,,None,,None,,None,,None,,None,,None,,None,,None,,None,,None,,None,,None,,None,No,None,,None,,None,No,None,No,None,No,None,No,None,No,None,
1985000,00:33:05.000,2024000,00:33:44.000,None,39000,,,,,,,None,,None,,,,,,None,0,,,,,,,,,,,None,,None,,None,,None,,None,,None,,None,,None,,None,,None,,None,,None,,None,,None,,None,,None,,None,,None,,None,No,None,,None,,None,No,None,No,None,No,None,No,None,No,None,
356000,00:05:56.000,387000,00:06:27.000,None,31000,,,,,,,None,,None,,,,,,None,0,,,,,,,,,,,None,,None,,None,,None,,None,,None,,None,,None,,None,,None,,None,,None,,None,,None,,None,,None,,None,,None,,None,No,None,,None,,None,No,None,No,None,No,None,No,None,No,None,
2026000,00:33:46.000,2068000,00:34:28.000,None,42000,,,,,,,None,,None,,,,,,None,0,,,,,,,,,,,None,,None,,None,,None,,None,,None,,None,,None,,None,,None,,None,,None,,None,,None,,None,,None,,None,,None,,None,No,None,,None,,None,No,None,No,None,No,None,No,None,No,None,
2069000,00:34:29.000,2112000,00:35:12.000,None,43000,,,,,,,None,,None,,,,,,None,0,,,,,,,,,,,None,,None,,None,,None,,None,,None,,None,,None,,None,,None,,None,,None,,None,,None,,None,,None,,None,,None,,None,No,None,,None,,None,No,None,No,None,No,None,No,None,No,None,
2113000,00:35:13.000,2134000,00:35:34.000,None,21000,,,,,,,None,,Crowd:Excitement,,,,,,None,0,,,,,,,,,,,None,,None,,None,,None,,None,,None,,None,,None,,None,,None,,None,,None,,None,,None,,None,,None,,None,,None,,None,No,None,,None,,None,No,None,No,None,No,None,No,None,No,None,
2135000,00:35:35.000,2160000,00:36:00.000,None,25000,,,,,,,None,,Crowd:Excitement,,,,,,None,0,,,,,,,,,,,None,,None,,None,,None,,None,,None,,None,,None,,None,,None,,None,,None,,None,,None,,None,,None,,None,,None,,None,No,None,,None,,None,No,None,No,None,No,None,No,None,No,None,
2161000,00:36:01.000,2203000,00:36:43.000,None,42000,,,,,,,None,,None,,,,,,None,0,,,,,,,,,,,None,,None,,None,,None,,None,,None,,None,,None,,None,,None,,None,,None,,None,,None,,None,,None,,None,,None,,None,No,None,,None,,None,No,None,No,None,No,None,No,None,No,None,
2204000,00:36:44.000,2234000,00:37:14.000,None,30000,,,,,,,None,,None,,,,,,None,0,,,,,,,,,,,None,,None,,None,,None,,None,,None,,None,,None,,None,,None,,None,,None,,None,,None,,None,,None,,None,,None,,None,No,None,,None,,None,No,None,No,None,No,None,No,None,No,None,
2235000,00:37:15.000,2248000,00:37:28.000,None,13000,,,,,,,None,,None,,,,,,None,0,,,,,,,,,,,None,,None,,None,,None,,None,,None,,None,,None,,None,,None,,None,,None,,None,,None,,None,,None,,None,,None,,None,No,None,,None,,None,No,None,No,None,No,None,No,None,No,None,
2249000,00:37:29.000,2270000,00:37:50.000,None,21000,,,,,,,None,,None,,,,,,None,0,,,,,,,,,,,None,,None,,None,,None,,None,,None,,None,,None,,None,,None,,None,,None,,None,,None,,None,,None,,None,,None,,None,No,None,,None,,None,No,None,No,None,No,None,No,None,No,None,
2271000,00:37:51.000,2288000,00:38:08.000,None,17000,,,,,,,None,,None,,,None,,None,None,0,,,,,,None,,None,,,None,,None,,None,,None,,None,,None,,None,,None,,None,,None,,None,,None,,None,,None,,None,,None,,None,,None,,None,No,None,,None,,None,No,None,No,None,No,None,No,None,No,None,
2290000,00:38:10.000,2320000,00:38:40.000,None,30000,,,,,,,None,,None,,,,,,None,0,,,,,,,,,,,None,,None,,None,,None,,None,,None,,None,,None,,None,,None,,None,,None,,None,,None,,None,,None,,None,,None,,None,No,None,,None,,None,No,None,No,None,No,None,No,None,No,None,
387000,00:06:27.000,401000,00:06:41.000,None,14000,,,,,,,None,,None,,,None,,None,None,0,,,,,,None,,None,,,None,,None,,None,,None,,None,,None,,None,,None,,None,,None,,None,,None,,None,,None,,None,,None,,None,,None,,None,No,None,,None,,None,No,None,No,None,No,None,No,None,No,None,
2321000,00:38:41.000,2340000,00:39:00.000,None,19000,,,,,,,None,,None,,,,,,None,0,,,,,,,,,,,None,,None,,None,,None,,None,,None,,None,,None,,None,,None,,None,,None,,None,,None,,None,,None,,None,,None,,None,No,None,,None,,None,No,None,No,None,No,None,No,None,No,None,
2341000,00:39:01.000,2350000,00:39:10.000,None,9000,,,,,,,None,,None,,,,,,None,0,,,,,,,,,,,None,,None,,None,,None,,None,,None,,None,,None,,None,,None,,None,,None,,None,,None,,None,,None,,None,,None,,None,No,None,,None,,None,No,None,No,None,No,None,No,None,No,None,
2351000,00:39:11.000,2375000,00:39:35.000,None,24000,,,,,,,None,,None,,,,,,None,0,,,,,,,,,,,None,,None,,None,,None,,None,,None,,None,,None,,None,,None,,None,,None,,None,,None,,None,,None,,None,,None,,None,No,None,,None,,None,No,None,No,None,No,None,No,None,No,None,
2376000,00:39:36.000,2395000,00:39:55.000,None,19000,,,,,,,None,,None,,,,,,None,0,,,,,,,,,,,None,,None,,None,,None,,None,,None,,None,,None,,None,,None,,None,,None,,None,,None,,None,,None,,None,,None,,None,No,None,,None,,None,No,None,No,None,No,None,No,None,No,None,
2396000,00:39:56.000,2414000,00:40:14.000,None,18000,,,,,,,None,,None,,,,,,None,0,,,,,,,,,,,None,,None,,None,,None,,None,,None,,None,,None,,None,,None,,None,,None,,None,,None,,None,,None,,None,,None,,None,No,None,,None,,None,No,None,No,None,No,None,No,None,No,None,
2415000,00:40:15.000,2425000,00:40:25.000,None,10000,,,,,,,None,,None,,,,,,None,0,,,,,,,,,,,None,,None,,None,,None,,None,,None,,None,,None,,None,,None,,None,,None,,None,,None,,None,,None,,None,,None,,None,No,None,,None,,None,No,None,No,None,No,None,No,None,No,None,
2425000,00:40:25.000,2448000,00:40:48.000,None,23000,,,,,,,None,,None,,,,,,None,0,,,,,,,,,,,None,,None,,None,,None,,None,,None,,None,,None,,None,,None,,None,,None,,None,,None,,None,,None,,None,,None,,None,No,None,,None,,None,No,None,No,None,No,None,No,None,No,None,
2449000,00:40:49.000,2476000,00:41:16.000,None,27000,,,,,,,None,,Crowd:Excitement,,,,,,None,0,,,,,,,,,,,None,,None,,None,,None,,None,,None,,None,,None,,None,,None,,None,,None,,None,,None,,None,,None,,None,,None,,None,No,None,,None,,None,No,None,No,None,No,None,No,None,No,None,
2477000,00:41:17.000,2499000,00:41:39.000,None,22000,,,,,,,None,,None,,,,,,None,0,,,,,,,,,,,None,,None,,None,,None,,None,,None,,None,,None,,None,,None,,None,,None,,None,,None,,None,,None,,None,,None,,None,No,None,,None,,None,No,None,No,None,No,None,No,None,No,None,
2501000,00:41:41.000,2513000,00:41:53.000,None,12000,,,,,,,None,,Crowd:Excitement,,,,,,None,0,,,,,,,,,,,None,,None,,None,,None,,None,,None,,None,,None,,None,,None,,None,,None,,None,,None,,None,,None,,None,,None,,None,No,None,,None,,None,No,None,No,None,No,None,No,None,No,None,
402000,00:06:42.000,461000,00:07:41.000,None,59000,,,,,,,None,,None,,,None,,None,None,0,,,,,,None,,None,,,None,,None,,None,,None,,None,,None,,None,,None,,None,,None,,None,,None,,None,,None,,None,,None,,None,,None,,None,No,None,,None,,None,No,None,No,None,No,None,No,None,No,None,
2515000,00:41:55.000,2541000,00:42:21.000,None,26000,,,,,,,None,,Crowd:Excitement,,,None,,None,None,0,,,,,,None,,None,,,None,,None,,None,,None,,None,,None,,None,,None,,None,,None,,None,,None,,None,,None,,None,,None,,None,,None,,None,No,None,,None,,None,No,None,No,None,No,None,No,None,No,None,
2542000,00:42:22.000,2555000,00:42:35.000,None,13000,,,,,,,None,,Crowd:Excitement,,,None,,None,None,0,,,,,,None,,None,,,None,,None,,None,,None,,None,,None,,None,,None,,None,,None,,None,,None,,None,,None,,None,,None,,None,,None,,None,No,None,,None,,None,No,None,No,None,No,None,No,None,No,None,
2556000,00:42:36.000,2590000,00:43:10.000,None,34000,,,,,,,None,,None,,,,,,None,0,,,,,,,,,,,None,,None,,None,,None,,None,,None,,None,,None,,None,,None,,None,,None,,None,,None,,None,,None,,None,,None,,None,No,None,,None,,None,No,None,No,None,No,None,No,None,No,None,
2592000,00:43:12.000,2614000,00:43:34.000,None,22000,,,,,,,None,,None,,,,,,None,0,,,,,,,,,,,None,,None,,None,,None,,None,,None,,None,,None,,None,,None,,None,,None,,None,,None,,None,,None,,None,,None,,None,No,None,,None,,None,No,None,No,None,No,None,No,None,No,None,
2615000,00:43:35.000,2628000,00:43:48.000,None,13000,,,,,,,None,,None,,,None,,None,None,0,,,,,,None,,None,,,None,,None,,None,,None,,None,,None,,None,,None,,None,,None,,None,,None,,None,,None,,None,,None,,None,,None,,None,No,None,,None,,None,No,None,No,None,No,None,No,None,No,None,
2629000,00:43:49.000,2659000,00:44:19.000,None,30000,,,,,,,None,,None,,,,,,None,0,,,,,,,,,,,None,,None,,None,,None,,None,,None,,None,,None,,None,,None,,None,,None,,None,,None,,None,,None,,None,,None,,None,No,None,,None,,None,No,None,No,None,No,None,No,None,No,None,
2660000,00:44:20.000,2692000,00:44:52.000,None,32000,,,,,,,None,,None,,,,,,None,0,,,,,,,,,,,None,,None,,None,,None,,None,,None,,None,,None,,None,,None,,None,,None,,None,,None,,None,,None,,None,,None,,None,No,None,,None,,None,No,None,No,None,No,None,No,None,No,None,
2693000,00:44:53.000,2715000,00:45:15.000,None,22000,,,,,,,None,,None,,,,,,None,0,,,,,,,,,,,None,,None,,None,,None,,None,,None,,None,,None,,None,,None,,None,,None,,None,,None,,None,,None,,None,,None,,None,No,None,,None,,None,No,None,No,None,No,None,No,None,No,None,
2717000,00:45:17.000,2727000,00:45:27.000,None,10000,,,,,,,None,,None,,,None,,None,None,0,,,,,,None,,None,,,None,,None,,None,,None,,None,,None,,None,,None,,None,,None,,None,,None,,None,,None,,None,,None,,None,,None,,None,No,None,,None,,None,No,None,No,None,No,None,No,None,No,None,
2728000,00:45:28.000,2738000,00:45:38.000,None,10000,,,,,,,None,,None,,,,,,None,0,,,,,,,,,,,None,,None,,None,,None,,None,,None,,None,,None,,None,,None,,None,,None,,None,,None,,None,,None,,None,,None,,None,No,None,,None,,None,No,None,No,None,No,None,No,None,No,None,
